"","danceability","energy","key","loudness","mode","speechiness","acousticness","instrumentalness","liveness","valence","tempo","type","id","uri","track_href","analysis_url","duration_ms","time_signature","Position","Track.Name","Artist","Streams","URL"
"1",0.753,0.454,7,-9.488,1,0.0963,0.0244,0.0000562,0.498,0.344,77.17,"audio_features","2XW4DbS6NddZxRPm5rMCeY","spotify:track:2XW4DbS6NddZxRPm5rMCeY","https://api.spotify.com/v1/tracks/2XW4DbS6NddZxRPm5rMCeY","https://api.spotify.com/v1/audio-analysis/2XW4DbS6NddZxRPm5rMCeY",198960,4,1,"God's Plan","Drake",7764821,"https://open.spotify.com/track/2XW4DbS6NddZxRPm5rMCeY"
"2",0.532,0.642,5,-4.891,0,0.111,0.0548,0.000246,0.0991,0.536,193.016,"audio_features","2Imq77E6CEJR5TPUxlJvTY","spotify:track:2Imq77E6CEJR5TPUxlJvTY","https://api.spotify.com/v1/tracks/2Imq77E6CEJR5TPUxlJvTY","https://api.spotify.com/v1/audio-analysis/2Imq77E6CEJR5TPUxlJvTY",232187,4,2,"All The Stars (with SZA)","Kendrick Lamar",4430173,"https://open.spotify.com/track/2Imq77E6CEJR5TPUxlJvTY"
"3",0.716,0.805,4,-3.839,1,0.0856,0.014,0.0000031,0.291,0.719,142.886,"audio_features","6tHWl8ows5JOZq9Yfaqn3M","spotify:track:6tHWl8ows5JOZq9Yfaqn3M","https://api.spotify.com/v1/tracks/6tHWl8ows5JOZq9Yfaqn3M","https://api.spotify.com/v1/audio-analysis/6tHWl8ows5JOZq9Yfaqn3M",133995,4,3,"Mine","Bazzi",3381551,"https://open.spotify.com/track/6tHWl8ows5JOZq9Yfaqn3M"
"4",0.728,0.668,2,-5.02,1,0.126,0.0805,0.0000149,0.102,0.162,100.537,"audio_features","4ofvoCdXq99vpMZO4Cfp8x","spotify:track:4ofvoCdXq99vpMZO4Cfp8x","https://api.spotify.com/v1/tracks/4ofvoCdXq99vpMZO4Cfp8x","https://api.spotify.com/v1/audio-analysis/4ofvoCdXq99vpMZO4Cfp8x",211440,4,4,"Pray For Me (with Kendrick Lamar)","The Weeknd",3302929,"https://open.spotify.com/track/4ofvoCdXq99vpMZO4Cfp8x"
"5",0.836,0.552,7,-5.66,1,0.0851,0.0433,0,0.0773,0.525,97.036,"audio_features","76cy1WJvNGJTj78UqeA5zr","spotify:track:76cy1WJvNGJTj78UqeA5zr","https://api.spotify.com/v1/tracks/76cy1WJvNGJTj78UqeA5zr","https://api.spotify.com/v1/audio-analysis/76cy1WJvNGJTj78UqeA5zr",218173,4,5,"IDGAF","Dua Lipa",3039480,"https://open.spotify.com/track/76cy1WJvNGJTj78UqeA5zr"
"6",0.578,0.532,5,-6.636,0,0.066,0.117,0.0000897,0.143,0.12,159.784,"audio_features","2U7Hu2RaNQNRi7izoJyZaX","spotify:track:2U7Hu2RaNQNRi7izoJyZaX","https://api.spotify.com/v1/tracks/2U7Hu2RaNQNRi7izoJyZaX","https://api.spotify.com/v1/audio-analysis/2U7Hu2RaNQNRi7izoJyZaX",218320,4,6,"rockstar","Post Malone",2931462,"https://open.spotify.com/track/2U7Hu2RaNQNRi7izoJyZaX"
"7",0.922,0.581,10,-7.495,1,0.27,0.00104,0.0000586,0.105,0.595,140.022,"audio_features","4qKcDkK6siZ7Jp1Jb4m0aL","spotify:track:4qKcDkK6siZ7Jp1Jb4m0aL","https://api.spotify.com/v1/tracks/4qKcDkK6siZ7Jp1Jb4m0aL","https://api.spotify.com/v1/audio-analysis/4qKcDkK6siZ7Jp1Jb4m0aL",181263,4,7,"Look Alive (feat. Drake)","BlocBoy JB",2845450,"https://open.spotify.com/track/4qKcDkK6siZ7Jp1Jb4m0aL"
"8",0.765,0.523,2,-4.333,1,0.03,0.184,0.0000356,0.132,0.394,104.988,"audio_features","1rfofaqEpACxVEHIZBJe6W","spotify:track:1rfofaqEpACxVEHIZBJe6W","https://api.spotify.com/v1/tracks/1rfofaqEpACxVEHIZBJe6W","https://api.spotify.com/v1/audio-analysis/1rfofaqEpACxVEHIZBJe6W",217307,4,8,"Havana","Camila Cabello",2705593,"https://open.spotify.com/track/1rfofaqEpACxVEHIZBJe6W"
"9",0.745,0.652,7,-3.099,1,0.0604,0.198,0,0.133,0.409,106.809,"audio_features","09IStsImFySgyp0pIQdqAc","spotify:track:09IStsImFySgyp0pIQdqAc","https://api.spotify.com/v1/tracks/09IStsImFySgyp0pIQdqAc","https://api.spotify.com/v1/audio-analysis/09IStsImFySgyp0pIQdqAc",184732,4,9,"The Middle","Zedd",2647822,"https://open.spotify.com/track/09IStsImFySgyp0pIQdqAc"
"10",0.626,0.88,9,-2.384,0,0.0504,0.205,0,0.128,0.534,95.079,"audio_features","08bNPGLD8AhKpnnERrAc6G","spotify:track:08bNPGLD8AhKpnnERrAc6G","https://api.spotify.com/v1/tracks/08bNPGLD8AhKpnnERrAc6G","https://api.spotify.com/v1/audio-analysis/08bNPGLD8AhKpnnERrAc6G",202621,4,10,"FRIENDS","Marshmello",2621025,"https://open.spotify.com/track/08bNPGLD8AhKpnnERrAc6G"
"11",0.653,0.809,0,-4.057,1,0.0474,0.194,0,0.165,0.55,92.213,"audio_features","5CLGzJsGqhCEECcpnFQA8x","spotify:track:5CLGzJsGqhCEECcpnFQA8x","https://api.spotify.com/v1/tracks/5CLGzJsGqhCEECcpnFQA8x","https://api.spotify.com/v1/audio-analysis/5CLGzJsGqhCEECcpnFQA8x",210773,4,11,"These Days (feat. Jess Glynne, Macklemore & Dan Caplen)","Rudimental",2530970,"https://open.spotify.com/track/5CLGzJsGqhCEECcpnFQA8x"
"12",0.786,0.846,1,-3.468,1,0.0505,0.174,0,0.413,0.819,95.005,"audio_features","2j2fIJGh4PMdXt9ULI5Tlc","spotify:track:2j2fIJGh4PMdXt9ULI5Tlc","https://api.spotify.com/v1/tracks/2j2fIJGh4PMdXt9ULI5Tlc","https://api.spotify.com/v1/audio-analysis/2j2fIJGh4PMdXt9ULI5Tlc",200480,4,12,"Dura","Daddy Yankee",2501587,"https://open.spotify.com/track/2j2fIJGh4PMdXt9ULI5Tlc"
"13",0.757,0.748,8,-5.794,0,0.473,0.17,0,0.0759,0.693,90.052,"audio_features","5UEnHoDYpsxlfzWLZIc7LD","spotify:track:5UEnHoDYpsxlfzWLZIc7LD","https://api.spotify.com/v1/tracks/5UEnHoDYpsxlfzWLZIc7LD","https://api.spotify.com/v1/audio-analysis/5UEnHoDYpsxlfzWLZIc7LD",221013,4,13,"River (feat. Ed Sheeran)","Eminem",2477793,"https://open.spotify.com/track/5UEnHoDYpsxlfzWLZIc7LD"
"14",0.704,0.859,5,-4.877,0,0.0996,0.0185,0,0.0215,0.926,105.115,"audio_features","3Vo4wInECJQuz9BIBMOu8i","spotify:track:3Vo4wInECJQuz9BIBMOu8i","https://api.spotify.com/v1/tracks/3Vo4wInECJQuz9BIBMOu8i","https://api.spotify.com/v1/audio-analysis/3Vo4wInECJQuz9BIBMOu8i",217289,4,14,"Finesse (Remix) [feat. Cardi B]","Bruno Mars",2322264,"https://open.spotify.com/track/3Vo4wInECJQuz9BIBMOu8i"
"15",0.637,0.713,0,-4.333,1,0.0747,0.181,0.000637,0.137,0.243,129.923,"audio_features","4eWQlBRaTjPPUlzacqEeoQ","spotify:track:4eWQlBRaTjPPUlzacqEeoQ","https://api.spotify.com/v1/tracks/4eWQlBRaTjPPUlzacqEeoQ","https://api.spotify.com/v1/audio-analysis/4eWQlBRaTjPPUlzacqEeoQ",226973,4,15,"Never Be the Same","Camila Cabello",2198922,"https://open.spotify.com/track/4eWQlBRaTjPPUlzacqEeoQ"
"16",0.548,0.58,11,-7.524,0,0.121,0.104,0,0.127,0.462,180.066,"audio_features","7jqDzXJS0K0Re8uphYNit0","spotify:track:7jqDzXJS0K0Re8uphYNit0","https://api.spotify.com/v1/tracks/7jqDzXJS0K0Re8uphYNit0","https://api.spotify.com/v1/audio-analysis/7jqDzXJS0K0Re8uphYNit0",193893,4,16,"Sick Boy","The Chainsmokers",2184550,"https://open.spotify.com/track/7jqDzXJS0K0Re8uphYNit0"
"17",0.724,0.895,7,-3.617,1,0.0411,0.0322,0,0.097,0.64,96.022,"audio_features","1zsG4eaZmkA1dvjDDsAGLK","spotify:track:1zsG4eaZmkA1dvjDDsAGLK","https://api.spotify.com/v1/tracks/1zsG4eaZmkA1dvjDDsAGLK","https://api.spotify.com/v1/audio-analysis/1zsG4eaZmkA1dvjDDsAGLK",173720,4,17,"Échame La Culpa","Luis Fonsi",2120177,"https://open.spotify.com/track/1zsG4eaZmkA1dvjDDsAGLK"
"18",0.815,0.816,2,-5.474,1,0.269,0.00299,0,0.159,0.498,181.967,"audio_features","2UVbBKQOdFAekPTRsnkzcf","spotify:track:2UVbBKQOdFAekPTRsnkzcf","https://api.spotify.com/v1/tracks/2UVbBKQOdFAekPTRsnkzcf","https://api.spotify.com/v1/audio-analysis/2UVbBKQOdFAekPTRsnkzcf",190288,4,18,"Stir Fry","Migos",2080938,"https://open.spotify.com/track/2UVbBKQOdFAekPTRsnkzcf"
"19",0.708,0.648,6,-5.626,1,0.0449,0.0956,0,0.134,0.338,143.955,"audio_features","45Egmo7icyopuzJN0oMEdk","spotify:track:45Egmo7icyopuzJN0oMEdk","https://api.spotify.com/v1/tracks/45Egmo7icyopuzJN0oMEdk","https://api.spotify.com/v1/audio-analysis/45Egmo7icyopuzJN0oMEdk",201707,4,19,"Love Lies","Khalid",2072973,"https://open.spotify.com/track/45Egmo7icyopuzJN0oMEdk"
"20",0.727,0.461,9,-7.527,0,0.0749,0.983,0.0000786,0.0796,0.198,148.129,"audio_features","3ITvHA9zhZZdBJsOsAUegF","spotify:track:3ITvHA9zhZZdBJsOsAUegF","https://api.spotify.com/v1/tracks/3ITvHA9zhZZdBJsOsAUegF","https://api.spotify.com/v1/audio-analysis/3ITvHA9zhZZdBJsOsAUegF",155676,3,20,"Amorfoda","Bad Bunny",2053748,"https://open.spotify.com/track/3ITvHA9zhZZdBJsOsAUegF"
"21",0.643,0.783,10,-6.458,1,0.0856,0.047,0,0.083,0.579,154.084,"audio_features","7iDa6hUg2VgEL1o1HjmfBn","spotify:track:7iDa6hUg2VgEL1o1HjmfBn","https://api.spotify.com/v1/tracks/7iDa6hUg2VgEL1o1HjmfBn","https://api.spotify.com/v1/audio-analysis/7iDa6hUg2VgEL1o1HjmfBn",163870,4,21,"Meant to Be (feat. Florida Georgia Line)","Bebe Rexha",2014901,"https://open.spotify.com/track/7iDa6hUg2VgEL1o1HjmfBn"
"22",0.715,0.802,11,-4.647,0,0.0394,0.139,0,0.177,0.327,124.989,"audio_features","7EmGUiUaOSGDnUUQUDrOXC","spotify:track:7EmGUiUaOSGDnUUQUDrOXC","https://api.spotify.com/v1/tracks/7EmGUiUaOSGDnUUQUDrOXC","https://api.spotify.com/v1/audio-analysis/7EmGUiUaOSGDnUUQUDrOXC",197993,4,22,"Wolves","Selena Gomez",1990300,"https://open.spotify.com/track/7EmGUiUaOSGDnUUQUDrOXC"
"23",0.599,0.448,8,-6.312,1,0.0232,0.163,0,0.106,0.168,95.05,"audio_features","0tgVpDi06FyKpA1z0VMD4v","spotify:track:0tgVpDi06FyKpA1z0VMD4v","https://api.spotify.com/v1/tracks/0tgVpDi06FyKpA1z0VMD4v","https://api.spotify.com/v1/audio-analysis/0tgVpDi06FyKpA1z0VMD4v",263400,3,23,"Perfect","Ed Sheeran",1977061,"https://open.spotify.com/track/0tgVpDi06FyKpA1z0VMD4v"
"24",0.771,0.696,9,-6.258,0,0.0755,0.00256,0.00000971,0.179,0.656,116.054,"audio_features","2ekn2ttSfGqwhhate0LSR0","spotify:track:2ekn2ttSfGqwhhate0LSR0","https://api.spotify.com/v1/tracks/2ekn2ttSfGqwhhate0LSR0","https://api.spotify.com/v1/audio-analysis/2ekn2ttSfGqwhhate0LSR0",208827,4,24,"New Rules","Dua Lipa",1967650,"https://open.spotify.com/track/2ekn2ttSfGqwhhate0LSR0"
"25",0.483,0.799,2,-4.567,0,0.0366,0.0188,0,0.226,0.171,112.946,"audio_features","5hM6sP0Gh1jD57drszNueC","spotify:track:5hM6sP0Gh1jD57drszNueC","https://api.spotify.com/v1/tracks/5hM6sP0Gh1jD57drszNueC","https://api.spotify.com/v1/audio-analysis/5hM6sP0Gh1jD57drszNueC",244293,4,25,"For You (Fifty Shades Freed) (& Rita Ora)","Liam Payne",1924608,"https://open.spotify.com/track/5hM6sP0Gh1jD57drszNueC"
"26",0.589,0.731,2,-6.343,1,0.0868,0.0534,0,0.308,0.191,87.908,"audio_features","5k38wzpLb15YgncyWdTZE4","spotify:track:5k38wzpLb15YgncyWdTZE4","https://api.spotify.com/v1/tracks/5k38wzpLb15YgncyWdTZE4","https://api.spotify.com/v1/audio-analysis/5k38wzpLb15YgncyWdTZE4",268867,4,26,"Him & I (with Halsey)","G-Eazy",1924294,"https://open.spotify.com/track/5k38wzpLb15YgncyWdTZE4"
"27",0.563,0.717,1,-5.186,1,0.337,0.000874,0,0.183,0.427,82.064,"audio_features","51rXHuKN8Loc4sUlKPODgH","spotify:track:51rXHuKN8Loc4sUlKPODgH","https://api.spotify.com/v1/tracks/51rXHuKN8Loc4sUlKPODgH","https://api.spotify.com/v1/audio-analysis/51rXHuKN8Loc4sUlKPODgH",229670,4,27,"King's Dead (with Kendrick Lamar, Future & James Blake)","Jay Rock",1896201,"https://open.spotify.com/track/51rXHuKN8Loc4sUlKPODgH"
"28",0.573,0.543,8,-5.357,0,0.0398,0.0777,0,0.199,0.308,143.916,"audio_features","75ZvA4QfFiZvzhj2xkaWAh","spotify:track:75ZvA4QfFiZvzhj2xkaWAh","https://api.spotify.com/v1/tracks/75ZvA4QfFiZvzhj2xkaWAh","https://api.spotify.com/v1/audio-analysis/75ZvA4QfFiZvzhj2xkaWAh",223347,4,28,"I Fall Apart","Post Malone",1893005,"https://open.spotify.com/track/75ZvA4QfFiZvzhj2xkaWAh"
"29",0.659,0.716,5,-5.673,0,0.111,0.33,0,0.173,0.437,148.015,"audio_features","6mrKP2jyIQmM0rw6fQryjr","spotify:track:6mrKP2jyIQmM0rw6fQryjr","https://api.spotify.com/v1/tracks/6mrKP2jyIQmM0rw6fQryjr","https://api.spotify.com/v1/audio-analysis/6mrKP2jyIQmM0rw6fQryjr",212120,4,29,"Let You Down","NF",1804946,"https://open.spotify.com/track/6mrKP2jyIQmM0rw6fQryjr"
"30",0.659,0.717,8,-4.202,1,0.0581,0.0393,0,0.0769,0.71,103.036,"audio_features","5AEtlRudpgdT5FtNiuly6Y","spotify:track:5AEtlRudpgdT5FtNiuly6Y","https://api.spotify.com/v1/tracks/5AEtlRudpgdT5FtNiuly6Y","https://api.spotify.com/v1/audio-analysis/5AEtlRudpgdT5FtNiuly6Y",174800,4,30,"Let Me Go (with Alesso, Florida Georgia Line & watt)","Hailee Steinfeld",1740432,"https://open.spotify.com/track/5AEtlRudpgdT5FtNiuly6Y"
"31",0.909,0.493,3,-6.688,1,0.0735,0.128,0.000147,0.127,0.844,94.016,"audio_features","4R55IUi2x7S5ek2SpebOiE","spotify:track:4R55IUi2x7S5ek2SpebOiE","https://api.spotify.com/v1/tracks/4R55IUi2x7S5ek2SpebOiE","https://api.spotify.com/v1/audio-analysis/4R55IUi2x7S5ek2SpebOiE",197120,4,31,"Bella","Wolfine",1689651,"https://open.spotify.com/track/4R55IUi2x7S5ek2SpebOiE"
"32",0.825,0.652,1,-3.183,0,0.0802,0.581,0,0.0931,0.931,95.977,"audio_features","7qiZfU4dY1lWllzX7mPBI3","spotify:track:7qiZfU4dY1lWllzX7mPBI3","https://api.spotify.com/v1/tracks/7qiZfU4dY1lWllzX7mPBI3","https://api.spotify.com/v1/audio-analysis/7qiZfU4dY1lWllzX7mPBI3",233713,4,32,"Shape of You","Ed Sheeran",1665178,"https://open.spotify.com/track/7qiZfU4dY1lWllzX7mPBI3"
"33",0.672,0.82,0,-5.473,1,0.0767,0.0342,0.00000667,0.0921,0.463,100.069,"audio_features","3towKHKVOXCCcL1fHv6xFO","spotify:track:3towKHKVOXCCcL1fHv6xFO","https://api.spotify.com/v1/tracks/3towKHKVOXCCcL1fHv6xFO","https://api.spotify.com/v1/audio-analysis/3towKHKVOXCCcL1fHv6xFO",219387,4,33,"Capital Letters","Hailee Steinfeld",1641723,"https://open.spotify.com/track/3towKHKVOXCCcL1fHv6xFO"
"34",0.638,0.658,3,-6.318,1,0.0456,0.245,0.00000377,0.0919,0.33,105.076,"audio_features","2xmrfQpmS2iJExTlklLoAL","spotify:track:2xmrfQpmS2iJExTlklLoAL","https://api.spotify.com/v1/tracks/2xmrfQpmS2iJExTlklLoAL","https://api.spotify.com/v1/audio-analysis/2xmrfQpmS2iJExTlklLoAL",205748,4,34,"I Miss You (feat. Julia Michaels)","Clean Bandit",1638318,"https://open.spotify.com/track/2xmrfQpmS2iJExTlklLoAL"
"35",0.707,0.632,10,-7.031,1,0.0789,0.103,0.0000109,0.0841,0.372,97.04,"audio_features","1LhMopPAallLeaeNutqbgS","spotify:track:1LhMopPAallLeaeNutqbgS","https://api.spotify.com/v1/tracks/1LhMopPAallLeaeNutqbgS","https://api.spotify.com/v1/audio-analysis/1LhMopPAallLeaeNutqbgS",278893,4,35,"Say Something","Justin Timberlake",1564083,"https://open.spotify.com/track/1LhMopPAallLeaeNutqbgS"
"36",0.871,0.768,4,-5.401,0,0.122,0.283,0.0000225,0.162,0.765,98.989,"audio_features","4lESS6vuruP6a79KWRaQou","spotify:track:4lESS6vuruP6a79KWRaQou","https://api.spotify.com/v1/tracks/4lESS6vuruP6a79KWRaQou","https://api.spotify.com/v1/audio-analysis/4lESS6vuruP6a79KWRaQou",184067,4,36,"Corazón","Maluma",1560667,"https://open.spotify.com/track/4lESS6vuruP6a79KWRaQou"
"37",0.681,0.788,1,-4.323,1,0.0785,0.0482,0,0.0753,0.839,170.019,"audio_features","33bnxcjePIkcmNjEFTJX0l","spotify:track:33bnxcjePIkcmNjEFTJX0l","https://api.spotify.com/v1/tracks/33bnxcjePIkcmNjEFTJX0l","https://api.spotify.com/v1/audio-analysis/33bnxcjePIkcmNjEFTJX0l",220117,4,37,"Déjala Que Vuelva (feat. Manuel Turizo)","Piso 21",1520114,"https://open.spotify.com/track/33bnxcjePIkcmNjEFTJX0l"
"38",0.775,0.679,4,-4.985,0,0.135,0.18,0.0000726,0.068,0.619,166.008,"audio_features","3Ga6eKrUFf12ouh9Yw3v2D","spotify:track:3Ga6eKrUFf12ouh9Yw3v2D","https://api.spotify.com/v1/tracks/3Ga6eKrUFf12ouh9Yw3v2D","https://api.spotify.com/v1/audio-analysis/3Ga6eKrUFf12ouh9Yw3v2D",193456,4,38,"Downtown","Anitta",1490527,"https://open.spotify.com/track/3Ga6eKrUFf12ouh9Yw3v2D"
"39",0.725,0.719,11,-5.885,0,0.0545,0.0739,0,0.148,0.57,140.01,"audio_features","5jyyPsIGM2yqkZN9R3TmvN","spotify:track:5jyyPsIGM2yqkZN9R3TmvN","https://api.spotify.com/v1/tracks/5jyyPsIGM2yqkZN9R3TmvN","https://api.spotify.com/v1/audio-analysis/5jyyPsIGM2yqkZN9R3TmvN",238893,4,39,"The Ways (with Swae Lee)","Khalid",1487139,"https://open.spotify.com/track/5jyyPsIGM2yqkZN9R3TmvN"
"40",0.764,0.468,2,-8.48,1,0.274,0.0225,0,0.26,0.36,131.026,"audio_features","4LmAnpjlhWTahvRkYR8xJa","spotify:track:4LmAnpjlhWTahvRkYR8xJa","https://api.spotify.com/v1/tracks/4LmAnpjlhWTahvRkYR8xJa","https://api.spotify.com/v1/audio-analysis/4LmAnpjlhWTahvRkYR8xJa",267427,4,40,"X (with 2 Chainz & Saudi)","ScHoolboy Q",1478914,"https://open.spotify.com/track/4LmAnpjlhWTahvRkYR8xJa"
"41",0.684,0.619,10,-7.005,1,0.0386,0.0716,0,0.122,0.284,125.046,"audio_features","630sXRhIcfwr2e4RdNtjKN","spotify:track:630sXRhIcfwr2e4RdNtjKN","https://api.spotify.com/v1/tracks/630sXRhIcfwr2e4RdNtjKN","https://api.spotify.com/v1/audio-analysis/630sXRhIcfwr2e4RdNtjKN",217440,4,41,"Rewrite The Stars","Zac Efron",1463668,"https://open.spotify.com/track/630sXRhIcfwr2e4RdNtjKN"
"42",0.814,0.813,2,-3.023,0,0.0561,0.03,0.0000933,0.255,0.839,79.997,"audio_features","6Za3190Sbw39BBC77WSS1C","spotify:track:6Za3190Sbw39BBC77WSS1C","https://api.spotify.com/v1/tracks/6Za3190Sbw39BBC77WSS1C","https://api.spotify.com/v1/audio-analysis/6Za3190Sbw39BBC77WSS1C",232550,4,42,"Criminal","Natti Natasha",1439148,"https://open.spotify.com/track/6Za3190Sbw39BBC77WSS1C"
"43",0.52,0.761,4,-3.093,1,0.0853,0.256,0.00000496,0.17,0.286,141.971,"audio_features","7vGuf3Y35N4wmASOKLUVVU","spotify:track:7vGuf3Y35N4wmASOKLUVVU","https://api.spotify.com/v1/tracks/7vGuf3Y35N4wmASOKLUVVU","https://api.spotify.com/v1/audio-analysis/7vGuf3Y35N4wmASOKLUVVU",180823,4,43,"Silence","Marshmello",1431094,"https://open.spotify.com/track/7vGuf3Y35N4wmASOKLUVVU"
"44",0.284,0.704,2,-7.276,1,0.186,0.00583,0.000115,0.0424,0.1,191.702,"audio_features","2xGjteMU3E1tkEPVFBO08U","spotify:track:2xGjteMU3E1tkEPVFBO08U","https://api.spotify.com/v1/tracks/2xGjteMU3E1tkEPVFBO08U","https://api.spotify.com/v1/audio-analysis/2xGjteMU3E1tkEPVFBO08U",234707,4,44,"This Is Me","Keala Settle",1415469,"https://open.spotify.com/track/2xGjteMU3E1tkEPVFBO08U"
"45",0.795,0.615,5,-5.211,0,0.0671,0.0786,0.00000298,0.0855,0.393,110.009,"audio_features","3hBBKuWJfxlIlnd9QFoC8k","spotify:track:3hBBKuWJfxlIlnd9QFoC8k","https://api.spotify.com/v1/tracks/3hBBKuWJfxlIlnd9QFoC8k","https://api.spotify.com/v1/audio-analysis/3hBBKuWJfxlIlnd9QFoC8k",199849,4,45,"What Lovers Do (feat. SZA)","Maroon 5",1383539,"https://open.spotify.com/track/3hBBKuWJfxlIlnd9QFoC8k"
"46",0.698,0.375,5,-8.279,1,0.0491,0.652,0,0.173,0.534,91.92,"audio_features","1mXVgsBdtIVeCLJnSnmtdV","spotify:track:1mXVgsBdtIVeCLJnSnmtdV","https://api.spotify.com/v1/tracks/1mXVgsBdtIVeCLJnSnmtdV","https://api.spotify.com/v1/audio-analysis/1mXVgsBdtIVeCLJnSnmtdV",201000,4,46,"Too Good At Goodbyes","Sam Smith",1379227,"https://open.spotify.com/track/1mXVgsBdtIVeCLJnSnmtdV"
"47",0.801,0.795,1,-5.115,0,0.0504,0.0417,0.000113,0.0717,0.754,79.028,"audio_features","6QgjcU0zLnzq5OrUoSZ3OK","spotify:track:6QgjcU0zLnzq5OrUoSZ3OK","https://api.spotify.com/v1/tracks/6QgjcU0zLnzq5OrUoSZ3OK","https://api.spotify.com/v1/audio-analysis/6QgjcU0zLnzq5OrUoSZ3OK",163253,4,47,"Feel It Still","Portugal. The Man",1369185,"https://open.spotify.com/track/6QgjcU0zLnzq5OrUoSZ3OK"
"48",0.6,0.81,0,-4.749,1,0.0479,0.00683,0.21,0.155,0.298,167.88,"audio_features","0tKcYR2II1VCQWT79i5NrW","spotify:track:0tKcYR2II1VCQWT79i5NrW","https://api.spotify.com/v1/tracks/0tKcYR2II1VCQWT79i5NrW","https://api.spotify.com/v1/audio-analysis/0tKcYR2II1VCQWT79i5NrW",187147,4,48,"Thunder","Imagine Dragons",1326244,"https://open.spotify.com/track/0tKcYR2II1VCQWT79i5NrW"
"49",0.807,0.681,11,-6.268,1,0.0983,0.423,0,0.0962,0.676,140.006,"audio_features","5hcisvFMidkMJlElTO9Qmw","spotify:track:5hcisvFMidkMJlElTO9Qmw","https://api.spotify.com/v1/tracks/5hcisvFMidkMJlElTO9Qmw","https://api.spotify.com/v1/audio-analysis/5hcisvFMidkMJlElTO9Qmw",297485,4,49,"Sensualidad","Bad Bunny",1293037,"https://open.spotify.com/track/5hcisvFMidkMJlElTO9Qmw"
"50",0.732,0.75,11,-6.366,0,0.231,0.00264,0,0.109,0.401,155.096,"audio_features","7GX5flRQZVHRAGd6B4TmDO","spotify:track:7GX5flRQZVHRAGd6B4TmDO","https://api.spotify.com/v1/tracks/7GX5flRQZVHRAGd6B4TmDO","https://api.spotify.com/v1/audio-analysis/7GX5flRQZVHRAGd6B4TmDO",182707,4,50,"XO TOUR Llif3","Lil Uzi Vert",1282275,"https://open.spotify.com/track/7GX5flRQZVHRAGd6B4TmDO"
"51",0.544,0.379,7,-9.113,0,0.0412,0.863,0,0.083,0.322,199.756,"audio_features","4QfNOZN7vrQCQKK1ZJ3XPb","spotify:track:4QfNOZN7vrQCQKK1ZJ3XPb","https://api.spotify.com/v1/tracks/4QfNOZN7vrQCQKK1ZJ3XPb","https://api.spotify.com/v1/audio-analysis/4QfNOZN7vrQCQKK1ZJ3XPb",191813,3,51,"Heaven","Julia Michaels",1229882,"https://open.spotify.com/track/4QfNOZN7vrQCQKK1ZJ3XPb"
"52",0.936,0.588,7,-6.948,0,0.136,0.0146,0,0.139,0.238,124.987,"audio_features","0wbnC9AUenxp613TYaJsGK","spotify:track:0wbnC9AUenxp613TYaJsGK","https://api.spotify.com/v1/tracks/0wbnC9AUenxp613TYaJsGK","https://api.spotify.com/v1/audio-analysis/0wbnC9AUenxp613TYaJsGK",255379,4,52,"Narcos","Migos",1225822,"https://open.spotify.com/track/0wbnC9AUenxp613TYaJsGK"
"53",0.88,0.428,9,-8.28,1,0.206,0.149,0.0000507,0.114,0.333,100.007,"audio_features","7sO5G9EABYOXQKNPNiE9NR","spotify:track:7sO5G9EABYOXQKNPNiE9NR","https://api.spotify.com/v1/tracks/7sO5G9EABYOXQKNPNiE9NR","https://api.spotify.com/v1/audio-analysis/7sO5G9EABYOXQKNPNiE9NR",172800,4,53,"Ric Flair Drip (& Metro Boomin)","Offset",1205166,"https://open.spotify.com/track/7sO5G9EABYOXQKNPNiE9NR"
"54",0.845,0.709,10,-4.547,0,0.0714,0.0233,0,0.094,0.62,98.062,"audio_features","2z4pcBLQXF2BXKFvd0BuB6","spotify:track:2z4pcBLQXF2BXKFvd0BuB6","https://api.spotify.com/v1/tracks/2z4pcBLQXF2BXKFvd0BuB6","https://api.spotify.com/v1/audio-analysis/2z4pcBLQXF2BXKFvd0BuB6",187521,4,54,"Tip Toe (feat. French Montana)","Jason Derulo",1158472,"https://open.spotify.com/track/2z4pcBLQXF2BXKFvd0BuB6"
"55",0.719,0.842,6,-3.562,0,0.0383,0.132,0,0.105,0.534,90.017,"audio_features","2vvdTrdryjsl8DmPIMDWZU","spotify:track:2vvdTrdryjsl8DmPIMDWZU","https://api.spotify.com/v1/tracks/2vvdTrdryjsl8DmPIMDWZU","https://api.spotify.com/v1/audio-analysis/2vvdTrdryjsl8DmPIMDWZU",228139,4,55,"EL BAÑO","Enrique Iglesias",1155797,"https://open.spotify.com/track/2vvdTrdryjsl8DmPIMDWZU"
"56",0.526,0.52,6,-7.985,0,0.0569,0.435,0,0.197,0.13,149.119,"audio_features","0OlnLZY4cmQzT6ZGttvWBM","spotify:track:0OlnLZY4cmQzT6ZGttvWBM","https://api.spotify.com/v1/tracks/0OlnLZY4cmQzT6ZGttvWBM","https://api.spotify.com/v1/audio-analysis/0OlnLZY4cmQzT6ZGttvWBM",183637,4,56,"So Far Away","Martin Garrix",1141926,"https://open.spotify.com/track/0OlnLZY4cmQzT6ZGttvWBM"
"57",0.904,0.611,1,-6.842,0,0.0888,0.000259,0.0000203,0.0976,0.4,150.02,"audio_features","7KXjTSCq5nL1LoYtL7XAwS","spotify:track:7KXjTSCq5nL1LoYtL7XAwS","https://api.spotify.com/v1/tracks/7KXjTSCq5nL1LoYtL7XAwS","https://api.spotify.com/v1/audio-analysis/7KXjTSCq5nL1LoYtL7XAwS",177000,4,57,"HUMBLE.","Kendrick Lamar",1136452,"https://open.spotify.com/track/7KXjTSCq5nL1LoYtL7XAwS"
"58",0.798,0.582,10,-7.38,1,0.103,0.29,0,0.153,0.766,126.075,"audio_features","6PGoSes0D9eUDeeAafB2As","spotify:track:6PGoSes0D9eUDeeAafB2As","https://api.spotify.com/v1/tracks/6PGoSes0D9eUDeeAafB2As","https://api.spotify.com/v1/audio-analysis/6PGoSes0D9eUDeeAafB2As",213400,4,58,"LOVE. FEAT. ZACARI.","Kendrick Lamar",1127225,"https://open.spotify.com/track/6PGoSes0D9eUDeeAafB2As"
"59",0.258,0.437,11,-6.593,0,0.039,0.101,0.00000127,0.106,0.0967,180.043,"audio_features","1j4kHkkpqZRBwE0A4CN4Yv","spotify:track:1j4kHkkpqZRBwE0A4CN4Yv","https://api.spotify.com/v1/tracks/1j4kHkkpqZRBwE0A4CN4Yv","https://api.spotify.com/v1/audio-analysis/1j4kHkkpqZRBwE0A4CN4Yv",239000,4,59,"Dusk Till Dawn - Radio Edit","ZAYN",1104179,"https://open.spotify.com/track/1j4kHkkpqZRBwE0A4CN4Yv"
"60",0.798,0.539,1,-6.351,1,0.0421,0.199,0.0000166,0.165,0.394,136.949,"audio_features","5Z3GHaZ6ec9bsiI5BenrbY","spotify:track:5Z3GHaZ6ec9bsiI5BenrbY","https://api.spotify.com/v1/tracks/5Z3GHaZ6ec9bsiI5BenrbY","https://api.spotify.com/v1/audio-analysis/5Z3GHaZ6ec9bsiI5BenrbY",202547,4,60,"Young Dumb & Broke","Khalid",1101697,"https://open.spotify.com/track/5Z3GHaZ6ec9bsiI5BenrbY"
"61",0.627,0.812,6,-4.215,1,0.0358,0.198,0,0.212,0.504,123.071,"audio_features","3a1lNhkSLSkpJE4MSHpDu9","spotify:track:3a1lNhkSLSkpJE4MSHpDu9","https://api.spotify.com/v1/tracks/3a1lNhkSLSkpJE4MSHpDu9","https://api.spotify.com/v1/audio-analysis/3a1lNhkSLSkpJE4MSHpDu9",220293,4,61,"Congratulations","Post Malone",1096669,"https://open.spotify.com/track/3a1lNhkSLSkpJE4MSHpDu9"
"62",0.587,0.299,8,-7.365,1,0.0263,0.779,0,0.123,0.356,94.992,"audio_features","1bhUWB0zJMIKr9yVPrkEuI","spotify:track:1bhUWB0zJMIKr9yVPrkEuI","https://api.spotify.com/v1/tracks/1bhUWB0zJMIKr9yVPrkEuI","https://api.spotify.com/v1/audio-analysis/1bhUWB0zJMIKr9yVPrkEuI",259550,3,62,"Perfect Duet (Ed Sheeran & Beyoncé)","Ed Sheeran",1083805,"https://open.spotify.com/track/1bhUWB0zJMIKr9yVPrkEuI"
"63",0.628,0.797,11,-3.953,0,0.0596,0.0364,0,0.104,0.321,106.93,"audio_features","7EI6Iki24tBHAMxtb4xQN2","spotify:track:7EI6Iki24tBHAMxtb4xQN2","https://api.spotify.com/v1/tracks/7EI6Iki24tBHAMxtb4xQN2","https://api.spotify.com/v1/audio-analysis/7EI6Iki24tBHAMxtb4xQN2",215064,4,63,"Anywhere","Rita Ora",1082756,"https://open.spotify.com/track/7EI6Iki24tBHAMxtb4xQN2"
"64",0.823,0.419,10,-10.358,0,0.165,0.416,0,0.105,0.277,119.958,"audio_features","6NWl2m8asvH83xjuXVNsuG","spotify:track:6NWl2m8asvH83xjuXVNsuG","https://api.spotify.com/v1/tracks/6NWl2m8asvH83xjuXVNsuG","https://api.spotify.com/v1/audio-analysis/6NWl2m8asvH83xjuXVNsuG",187453,4,64,"Betrayed","Lil Xan",1075543,"https://open.spotify.com/track/6NWl2m8asvH83xjuXVNsuG"
"65",0.838,0.771,1,-3.791,1,0.244,0.0117,0,0.0853,0.405,175.957,"audio_features","2DQ1ITjI0YoLFzuADN1ZBW","spotify:track:2DQ1ITjI0YoLFzuADN1ZBW","https://api.spotify.com/v1/tracks/2DQ1ITjI0YoLFzuADN1ZBW","https://api.spotify.com/v1/audio-analysis/2DQ1ITjI0YoLFzuADN1ZBW",245387,4,65,"No Limit","G-Eazy",1074241,"https://open.spotify.com/track/2DQ1ITjI0YoLFzuADN1ZBW"
"66",0.854,0.484,1,-9.054,1,0.213,0.00763,0,0.097,0.302,130.087,"audio_features","5cXg9IQS34FzLVdHhp7hu7","spotify:track:5cXg9IQS34FzLVdHhp7hu7","https://api.spotify.com/v1/tracks/5cXg9IQS34FzLVdHhp7hu7","https://api.spotify.com/v1/audio-analysis/5cXg9IQS34FzLVdHhp7hu7",221827,4,66,"Big Shot (with Travis Scott)","Kendrick Lamar",1024568,"https://open.spotify.com/track/5cXg9IQS34FzLVdHhp7hu7"
"67",0.909,0.546,8,-7.513,1,0.175,0.000704,0.000823,0.36,0.0986,138.043,"audio_features","75FDPwaULRdYDn4StFN2rT","spotify:track:75FDPwaULRdYDn4StFN2rT","https://api.spotify.com/v1/tracks/75FDPwaULRdYDn4StFN2rT","https://api.spotify.com/v1/audio-analysis/75FDPwaULRdYDn4StFN2rT",224613,4,67,"Bartier Cardi (feat. 21 Savage)","Cardi B",1023806,"https://open.spotify.com/track/75FDPwaULRdYDn4StFN2rT"
"68",0.855,0.664,9,-7.11,0,0.0607,0.165,0.0000397,0.0937,0.626,98.015,"audio_features","5Y9fnynLlIvqtM710MHzfz","spotify:track:5Y9fnynLlIvqtM710MHzfz","https://api.spotify.com/v1/tracks/5Y9fnynLlIvqtM710MHzfz","https://api.spotify.com/v1/audio-analysis/5Y9fnynLlIvqtM710MHzfz",226800,4,68,"Síguelo Bailando","Ozuna",1013324,"https://open.spotify.com/track/5Y9fnynLlIvqtM710MHzfz"
"69",0.849,0.581,1,-5.243,0,0.0767,0.189,0.00000361,0.0805,0.779,110.008,"audio_features","32DGGj6KlNuBr6WaqRxpxi","spotify:track:32DGGj6KlNuBr6WaqRxpxi","https://api.spotify.com/v1/tracks/32DGGj6KlNuBr6WaqRxpxi","https://api.spotify.com/v1/audio-analysis/32DGGj6KlNuBr6WaqRxpxi",198237,4,69,"How Long","Charlie Puth",1011442,"https://open.spotify.com/track/32DGGj6KlNuBr6WaqRxpxi"
"70",0.615,0.833,9,-3.377,1,0.39,0.0524,0,0.171,0.538,212.117,"audio_features","6MNGxu8MprKGkchUchkJsy","spotify:track:6MNGxu8MprKGkchUchkJsy","https://api.spotify.com/v1/tracks/6MNGxu8MprKGkchUchkJsy","https://api.spotify.com/v1/audio-analysis/6MNGxu8MprKGkchUchkJsy",181733,4,70,"Machika","J Balvin",1007931,"https://open.spotify.com/track/6MNGxu8MprKGkchUchkJsy"
"71",0.807,0.633,10,-6.016,0,0.0929,0.0564,0,0.107,0.325,138.038,"audio_features","7rwX0O3RlxqqIjQM8evm5E","spotify:track:7rwX0O3RlxqqIjQM8evm5E","https://api.spotify.com/v1/tracks/7rwX0O3RlxqqIjQM8evm5E","https://api.spotify.com/v1/audio-analysis/7rwX0O3RlxqqIjQM8evm5E",311726,4,71,"Solita","Ozuna",978175,"https://open.spotify.com/track/7rwX0O3RlxqqIjQM8evm5E"
"72",0.679,0.435,6,-8.238,0,0.0449,0.237,0.00000154,0.112,0.326,89.996,"audio_features","1USJRpWDFhxwhCajPXBeel","spotify:track:1USJRpWDFhxwhCajPXBeel","https://api.spotify.com/v1/tracks/1USJRpWDFhxwhCajPXBeel","https://api.spotify.com/v1/audio-analysis/1USJRpWDFhxwhCajPXBeel",190547,4,72,"You Owe Me","The Chainsmokers",974730,"https://open.spotify.com/track/1USJRpWDFhxwhCajPXBeel"
"73",0.859,0.651,1,-5.395,1,0.124,0.155,0,0.14,0.487,97.053,"audio_features","2tPcTFiQF9MbVUyjZ3zDhA","spotify:track:2tPcTFiQF9MbVUyjZ3zDhA","https://api.spotify.com/v1/tracks/2tPcTFiQF9MbVUyjZ3zDhA","https://api.spotify.com/v1/audio-analysis/2tPcTFiQF9MbVUyjZ3zDhA",219307,4,73,"Paramedic!","SOB X RBE",973392,"https://open.spotify.com/track/2tPcTFiQF9MbVUyjZ3zDhA"
"74",0.674,0.506,6,-10.532,1,0.0434,0.173,0,0.0866,0.183,145.965,"audio_features","5WoaF1B5XIEnWfmb5NZikf","spotify:track:5WoaF1B5XIEnWfmb5NZikf","https://api.spotify.com/v1/tracks/5WoaF1B5XIEnWfmb5NZikf","https://api.spotify.com/v1/audio-analysis/5WoaF1B5XIEnWfmb5NZikf",259333,4,74,"Sky Walker","Miguel",959945,"https://open.spotify.com/track/5WoaF1B5XIEnWfmb5NZikf"
"75",0.765,0.688,4,-5.566,1,0.0841,0.633,0,0.0734,0.434,90.013,"audio_features","42CeaId2XNlxugDvyqHfDf","spotify:track:42CeaId2XNlxugDvyqHfDf","https://api.spotify.com/v1/tracks/42CeaId2XNlxugDvyqHfDf","https://api.spotify.com/v1/audio-analysis/42CeaId2XNlxugDvyqHfDf",229573,4,75,"Candy Paint","Post Malone",951535,"https://open.spotify.com/track/42CeaId2XNlxugDvyqHfDf"
"76",0.726,0.769,6,-5.043,1,0.123,0.0293,0.0101,0.104,0.733,97.985,"audio_features","3B54sVLJ402zGa6Xm4YGNe","spotify:track:3B54sVLJ402zGa6Xm4YGNe","https://api.spotify.com/v1/tracks/3B54sVLJ402zGa6Xm4YGNe","https://api.spotify.com/v1/audio-analysis/3B54sVLJ402zGa6Xm4YGNe",233902,4,76,"Unforgettable","French Montana",951418,"https://open.spotify.com/track/3B54sVLJ402zGa6Xm4YGNe"
"77",0.802,0.744,6,-5.968,1,0.078,0.0807,0,0.0917,0.45,99.983,"audio_features","2EzRdhuoPyNJDlep7lnNf2","spotify:track:2EzRdhuoPyNJDlep7lnNf2","https://api.spotify.com/v1/tracks/2EzRdhuoPyNJDlep7lnNf2","https://api.spotify.com/v1/audio-analysis/2EzRdhuoPyNJDlep7lnNf2",215083,4,77,"Dembow","Danny Ocean",950681,"https://open.spotify.com/track/2EzRdhuoPyNJDlep7lnNf2"
"78",0.779,0.787,10,-4.305,0,0.108,0.0524,0,0.14,0.708,124.982,"audio_features","0CcQNd8CINkwQfe1RDtGV6","spotify:track:0CcQNd8CINkwQfe1RDtGV6","https://api.spotify.com/v1/tracks/0CcQNd8CINkwQfe1RDtGV6","https://api.spotify.com/v1/audio-analysis/0CcQNd8CINkwQfe1RDtGV6",204347,4,78,"Believer","Imagine Dragons",947478,"https://open.spotify.com/track/0CcQNd8CINkwQfe1RDtGV6"
"79",0.896,0.673,1,-3.872,1,0.139,0.346,0.0000128,0.206,0.714,131.99,"audio_features","4zWO4gvuFtw6EJZC5FFGlr","spotify:track:4zWO4gvuFtw6EJZC5FFGlr","https://api.spotify.com/v1/tracks/4zWO4gvuFtw6EJZC5FFGlr","https://api.spotify.com/v1/audio-analysis/4zWO4gvuFtw6EJZC5FFGlr",213989,4,79,"Bum Bum Tam Tam","MC Fioti",939885,"https://open.spotify.com/track/4zWO4gvuFtw6EJZC5FFGlr"
"80",0.65,0.758,2,-4.02,1,0.116,0.166,0,0.0889,0.663,94.9,"audio_features","5HwnezK198pJCEj1l2Adjy","spotify:track:5HwnezK198pJCEj1l2Adjy","https://api.spotify.com/v1/tracks/5HwnezK198pJCEj1l2Adjy","https://api.spotify.com/v1/audio-analysis/5HwnezK198pJCEj1l2Adjy",177160,4,80,"She Loves Control","Camila Cabello",936278,"https://open.spotify.com/track/5HwnezK198pJCEj1l2Adjy"
"81",0.744,0.804,1,-6.327,1,0.0677,0.0231,0,0.0494,0.426,104.823,"audio_features","6De0lHrwBfPfrhorm9q1Xl","spotify:track:6De0lHrwBfPfrhorm9q1Xl","https://api.spotify.com/v1/tracks/6De0lHrwBfPfrhorm9q1Xl","https://api.spotify.com/v1/audio-analysis/6De0lHrwBfPfrhorm9q1Xl",205715,4,81,"Me Rehúso","Danny Ocean",933163,"https://open.spotify.com/track/6De0lHrwBfPfrhorm9q1Xl"
"82",0.739,0.821,1,-4.233,1,0.0852,0.222,0.0000096,0.311,0.693,171.077,"audio_features","1m69ELEgE6k5ZWsap40ozt","spotify:track:1m69ELEgE6k5ZWsap40ozt","https://api.spotify.com/v1/tracks/1m69ELEgE6k5ZWsap40ozt","https://api.spotify.com/v1/audio-analysis/1m69ELEgE6k5ZWsap40ozt",188080,4,82,"Se Preparó","Ozuna",917098,"https://open.spotify.com/track/1m69ELEgE6k5ZWsap40ozt"
"83",0.752,0.505,9,-7.621,1,0.253,0.535,0.00000255,0.104,0.419,91.97,"audio_features","1wjzFQodRWrPcQ0AnYnvQ9","spotify:track:1wjzFQodRWrPcQ0AnYnvQ9","https://api.spotify.com/v1/tracks/1wjzFQodRWrPcQ0AnYnvQ9","https://api.spotify.com/v1/audio-analysis/1wjzFQodRWrPcQ0AnYnvQ9",197437,4,83,"I Like Me Better","Lauv",903101,"https://open.spotify.com/track/1wjzFQodRWrPcQ0AnYnvQ9"
"84",0.921,0.467,1,-8.443,1,0.119,0.0149,0.000238,0.334,0.287,135.995,"audio_features","3ncgNpxLoBQ65ABk4djDyd","spotify:track:3ncgNpxLoBQ65ABk4djDyd","https://api.spotify.com/v1/tracks/3ncgNpxLoBQ65ABk4djDyd","https://api.spotify.com/v1/audio-analysis/3ncgNpxLoBQ65ABk4djDyd",191252,4,84,"Pick It Up (feat. A$AP Rocky)","Famous Dex",897066,"https://open.spotify.com/track/3ncgNpxLoBQ65ABk4djDyd"
"85",0.884,0.346,8,-8.228,0,0.351,0.0151,0.00000704,0.0871,0.376,75.016,"audio_features","2fQrGHiQOvpL9UgPvtYy6G","spotify:track:2fQrGHiQOvpL9UgPvtYy6G","https://api.spotify.com/v1/tracks/2fQrGHiQOvpL9UgPvtYy6G","https://api.spotify.com/v1/audio-analysis/2fQrGHiQOvpL9UgPvtYy6G",220307,4,85,"Bank Account","21 Savage",892942,"https://open.spotify.com/track/2fQrGHiQOvpL9UgPvtYy6G"
"86",0.896,0.515,2,-5.395,1,0.183,0.0338,0,0.317,0.174,138.016,"audio_features","4wFjTWCunQFKtukqrNijEt","spotify:track:4wFjTWCunQFKtukqrNijEt","https://api.spotify.com/v1/tracks/4wFjTWCunQFKtukqrNijEt","https://api.spotify.com/v1/audio-analysis/4wFjTWCunQFKtukqrNijEt",303077,4,86,"MotorSport","Migos",884148,"https://open.spotify.com/track/4wFjTWCunQFKtukqrNijEt"
"87",0.658,0.678,1,-4.407,1,0.058,0.303,0,0.361,0.662,97.976,"audio_features","5yFSF6qQA1rcLsQRnBsZgb","spotify:track:5yFSF6qQA1rcLsQRnBsZgb","https://api.spotify.com/v1/tracks/5yFSF6qQA1rcLsQRnBsZgb","https://api.spotify.com/v1/audio-analysis/5yFSF6qQA1rcLsQRnBsZgb",199111,4,87,"All Falls Down","Alan Walker",879342,"https://open.spotify.com/track/5yFSF6qQA1rcLsQRnBsZgb"
"88",0.774,0.626,3,-4.432,0,0.0432,0.0969,0.0000312,0.0848,0.777,100.041,"audio_features","4iLqG9SeJSnt0cSPICSjxv","spotify:track:4iLqG9SeJSnt0cSPICSjxv","https://api.spotify.com/v1/tracks/4iLqG9SeJSnt0cSPICSjxv","https://api.spotify.com/v1/audio-analysis/4iLqG9SeJSnt0cSPICSjxv",211475,4,88,"Attention","Charlie Puth",875367,"https://open.spotify.com/track/4iLqG9SeJSnt0cSPICSjxv"
"89",0.543,0.677,11,-4.915,0,0.0993,0.0148,0.00000621,0.13,0.294,103.809,"audio_features","2rb5MvYT7ZIxbKW5hfcHx8","spotify:track:2rb5MvYT7ZIxbKW5hfcHx8","https://api.spotify.com/v1/tracks/2rb5MvYT7ZIxbKW5hfcHx8","https://api.spotify.com/v1/audio-analysis/2rb5MvYT7ZIxbKW5hfcHx8",189440,4,89,"Mi Gente","J Balvin",875291,"https://open.spotify.com/track/2rb5MvYT7ZIxbKW5hfcHx8"
"90",0.936,0.523,5,-6.71,1,0.0597,0.239,0,0.117,0.699,119.889,"audio_features","43ZyHQITOjhciSUUNPVRHc","spotify:track:43ZyHQITOjhciSUUNPVRHc","https://api.spotify.com/v1/tracks/43ZyHQITOjhciSUUNPVRHc","https://api.spotify.com/v1/audio-analysis/43ZyHQITOjhciSUUNPVRHc",124056,4,90,"Gucci Gang","Lil Pump",874797,"https://open.spotify.com/track/43ZyHQITOjhciSUUNPVRHc"
"91",0.745,0.646,6,-6.987,0,0.17,0.157,0,0.338,0.46,79.993,"audio_features","2u7mxWSeoqTXndK5e08jMp","spotify:track:2u7mxWSeoqTXndK5e08jMp","https://api.spotify.com/v1/tracks/2u7mxWSeoqTXndK5e08jMp","https://api.spotify.com/v1/audio-analysis/2u7mxWSeoqTXndK5e08jMp",203908,4,91,"Nowadays (feat. Landon Cube)","Lil Skies",863556,"https://open.spotify.com/track/2u7mxWSeoqTXndK5e08jMp"
"92",0.358,0.557,10,-7.398,1,0.059,0.695,0,0.0902,0.494,85.043,"audio_features","5uCax9HTNlzGybIStD3vDh","spotify:track:5uCax9HTNlzGybIStD3vDh","https://api.spotify.com/v1/tracks/5uCax9HTNlzGybIStD3vDh","https://api.spotify.com/v1/audio-analysis/5uCax9HTNlzGybIStD3vDh",211467,4,92,"Say You Won't Let Go","James Arthur",863358,"https://open.spotify.com/track/5uCax9HTNlzGybIStD3vDh"
"93",0.629,0.572,5,-7.733,0,0.0387,0.57,0,0.192,0.386,100.015,"audio_features","5tz69p7tJuGPeMGwNTxYuV","spotify:track:5tz69p7tJuGPeMGwNTxYuV","https://api.spotify.com/v1/tracks/5tz69p7tJuGPeMGwNTxYuV","https://api.spotify.com/v1/audio-analysis/5tz69p7tJuGPeMGwNTxYuV",250173,4,93,"1-800-273-8255","Logic",862433,"https://open.spotify.com/track/5tz69p7tJuGPeMGwNTxYuV"
"94",0.617,0.635,11,-6.769,0,0.0317,0.0498,0.0000144,0.164,0.446,103.019,"audio_features","6RUKPb4LETWmmr3iAEQktW","spotify:track:6RUKPb4LETWmmr3iAEQktW","https://api.spotify.com/v1/tracks/6RUKPb4LETWmmr3iAEQktW","https://api.spotify.com/v1/audio-analysis/6RUKPb4LETWmmr3iAEQktW",247160,4,94,"Something Just Like This","The Chainsmokers",856880,"https://open.spotify.com/track/6RUKPb4LETWmmr3iAEQktW"
"95",0.797,0.844,11,-5.482,1,0.275,0.0651,0,0.087,0.52,170.142,"audio_features","4dVpf9jZjcORqGTLUaeYj9","spotify:track:4dVpf9jZjcORqGTLUaeYj9","https://api.spotify.com/v1/tracks/4dVpf9jZjcORqGTLUaeYj9","https://api.spotify.com/v1/audio-analysis/4dVpf9jZjcORqGTLUaeYj9",173600,4,95,"Plain Jane","A$AP Ferg",852316,"https://open.spotify.com/track/4dVpf9jZjcORqGTLUaeYj9"
"96",0.704,0.633,11,-6.923,0,0.241,0.0214,0,0.29,0.863,144.021,"audio_features","3m660poUr1chesgkkjQM7P","spotify:track:3m660poUr1chesgkkjQM7P","https://api.spotify.com/v1/tracks/3m660poUr1chesgkkjQM7P","https://api.spotify.com/v1/audio-analysis/3m660poUr1chesgkkjQM7P",203760,4,96,"Sorry Not Sorry","Demi Lovato",844990,"https://open.spotify.com/track/3m660poUr1chesgkkjQM7P"
"97",0.529,0.607,6,-6.781,1,0.0574,0.104,0,0.0631,0.238,101.966,"audio_features","7krbSH3rd8lhIZvuzTV3Bl","spotify:track:7krbSH3rd8lhIZvuzTV3Bl","https://api.spotify.com/v1/tracks/7krbSH3rd8lhIZvuzTV3Bl","https://api.spotify.com/v1/audio-analysis/7krbSH3rd8lhIZvuzTV3Bl",234107,4,97,"Naked","James Arthur",826155,"https://open.spotify.com/track/7krbSH3rd8lhIZvuzTV3Bl"
"98",0.736,0.449,1,-11.462,0,0.425,0.33,0.000162,0.0898,0.326,80.126,"audio_features","152lZdxL1OR0ZMW6KquMif","spotify:track:152lZdxL1OR0ZMW6KquMif","https://api.spotify.com/v1/tracks/152lZdxL1OR0ZMW6KquMif","https://api.spotify.com/v1/audio-analysis/152lZdxL1OR0ZMW6KquMif",219080,4,98,"Location","Khalid",819484,"https://open.spotify.com/track/152lZdxL1OR0ZMW6KquMif"
"99",0.743,0.855,5,-3.976,0,0.0436,0.141,0.0045,0.099,0.871,96.989,"audio_features","7JNh1cfm0eXjqFVOzKLyau","spotify:track:7JNh1cfm0eXjqFVOzKLyau","https://api.spotify.com/v1/tracks/7JNh1cfm0eXjqFVOzKLyau","https://api.spotify.com/v1/audio-analysis/7JNh1cfm0eXjqFVOzKLyau",202453,4,99,"Mayores","Becky G",817436,"https://open.spotify.com/track/7JNh1cfm0eXjqFVOzKLyau"
"100",0.872,0.391,0,-9.144,0,0.242,0.469,0.00000413,0.297,0.437,134.021,"audio_features","7m9OqQk4RVRkw9JJdeAw96","spotify:track:7m9OqQk4RVRkw9JJdeAw96","https://api.spotify.com/v1/tracks/7m9OqQk4RVRkw9JJdeAw96","https://api.spotify.com/v1/audio-analysis/7m9OqQk4RVRkw9JJdeAw96",119133,4,100,"Jocelyn Flores","XXXTENTACION",816552,"https://open.spotify.com/track/7m9OqQk4RVRkw9JJdeAw96"
